title,link,date
I tested out all of the best language models for frontend development. One model stood out amongst theÂ rest.,https://medium.com/codex/i-tested-out-all-of-the-best-language-models-for-frontend-development-one-model-stood-out-f180b9c12bc1,2025-03-28
I Tested 25+ AI Video Generatorsâ€Šâ€”â€ŠHereâ€™s the One That Blew MyÂ Mind,https://medium.com/swlh/i-tested-25-ai-video-generators-heres-the-one-that-blew-my-mind-0d0fb316be42,2025-03-28
The One and Only Reliable Way to Spot AIÂ Today,https://medium.com/ai-ai-oh/the-one-and-only-reliable-way-to-spot-ai-today-ee4635bce44e,2025-03-28
"Judges finally seem to understand that if thereâ€™s no copy, thereâ€™s no copyright",https://medium.com/enrique-dans/judges-finally-seem-to-understand-that-if-theres-no-copy-there-s-no-copyright-573abc4368e0,2025-03-28
Python is the Worst Programming Language for Beginners,https://levelup.gitconnected.com/python-is-the-worst-programming-language-for-beginners-0b875442a387,2025-03-28
LangGraph + MCP + Ollama: The Key To Powerful AgenticÂ AI,https://medium.com/data-science-collective/langgraph-mcp-ollama-the-key-to-powerful-agentic-ai-e1881f43cf63,2025-03-28
Internet Browsing AI Agents Demystified,https://medium.com/@cobusgreyling/internet-browsing-ai-agents-demystified-65462ce8e6be,2025-03-28
What kind of Intelligence Should AIÂ Have?,https://pub.towardsai.net/what-kind-of-intelligence-should-ai-have-14502f8e9385,2025-03-28
"This All-in-One AI Tool allows you to useRunway,Kling,Hailuo, Pika AI andÂ moreğŸ”¥",https://medium.com/@inchristiely/this-all-in-one-ai-tool-allows-you-to-use-runway-kling-hailuo-pika-ai-and-more-4d083c6871b5,2025-03-28
"IBM Cloud AI Supercomputer, Vela 2, wins 2025 AI Excellence Award",https://medium.com/design-ibm/ibm-cloud-ai-supercomputer-vela-2-wins-2025-ai-excellence-award-e7296a2de6f6,2025-03-28
"5 Hidden Python Features So Good, They Feel LikeÂ Cheating",https://medium.com/top-1-devs/5-hidden-python-features-so-good-they-feel-like-cheating-375652a79252,2025-03-28
Why Iâ€™m Loving RooCode more than ManusÂ AI?,https://medium.com/everyday-ai/why-im-loving-roocode-more-than-manus-ai-f30d274a152b,2025-03-28
Watching AI Erase the Artists We OnceÂ Were,https://medium.com/freelancers-hub/watching-ai-erase-the-artists-we-once-were-d9cd7df759b4,2025-03-28
Solving The Infamous 8-QueenÂ Problem,https://medium.com/puzzle-sphere/solving-the-infamous-8-queen-problem-48cc107b909b,2025-03-28
Genius DevCampÂ Winners,https://devca.mp/genius-devcamp-winners-e7bcf7c3f325,2025-03-28
10 Hidden Python Libraries That Will 10x Your Coding Speed inÂ 2025,https://medium.com/@abdur.rahman./10-hidden-python-libraries-that-will-10x-your-coding-speed-in-2025-556c73d54c81,2025-03-28
Who Is the Robot in the Oscar-winning â€œIâ€™m Not a Robotâ€(2023)?,https://medium.com/counterarts/who-is-the-robot-in-the-oscar-winning-im-not-a-robot-2023-54e29efd7151,2025-03-28
How to Convert Your Photo into Ghibli Art with ChatGPT: Step-by-Step Guide,https://medium.com/@rioalbert778/how-to-convert-your-photo-into-ghibli-art-with-chatgpt-step-by-step-guide-29c3ad0d2d7d,2025-03-28
Gemini 2.0 vs GeminiÂ 2.5,https://medium.com/google-cloud/gemini-2-0-vs-gemini-2-5-43ab0123cd3c,2025-03-28
Model Context Protocol (MCP): The ForceÂ Awakens,https://medium.com/data-science-collective/model-context-protocol-mcp-the-force-awakens-c7337d77426b,2025-03-28
I Built AI Agents for Code Generation & Review with DeepSeek CoderÂ Model,https://levelup.gitconnected.com/i-built-ai-agents-for-code-generation-review-with-deepseek-coder-model-0d18c1694184,2025-03-28
Adrienne Donovan Of Microblink On Five Things You Need To Create A Highly Successful Career In The AIÂ Industry,https://medium.com/authority-magazine/adrienne-donovan-of-microblink-on-five-things-you-need-to-create-a-highly-successful-career-in-the-20498c767ae3,2025-03-28
Papers Explained 340:Â CHASE,https://medium.com/@ritvik19/papers-explained-340-chase-84857503f39c,2025-03-28
The Interpreterâ€™s Mind: How LLMs Process System Prompts for Narrative Generation,https://medium.com/@SomethingaboutAI/the-interpreters-mind-how-llms-process-system-prompts-for-narrative-generation-c97a55a7bd5f,2025-03-28
AI Infrastructure: The Billion-Dollar Play Beyond AIÂ Agents,https://medium.com/@pakamiti/ai-infrastructure-the-billion-dollar-play-beyond-ai-agents-2a08c6b6d109,2025-03-28
My Dog Ran Awayâ€Šâ€”â€ŠSo I Used AI to Scan Cameras Around the Neighborhood,https://ai.gopubby.com/my-dog-ran-away-so-i-used-ai-to-scan-cameras-around-the-neighborhood-8871213679d8,2025-03-28
AI-Generated Studio Ghibli Art Goes Viralâ€Šâ€”â€ŠHereâ€™s Why Itâ€™s Controversial,https://ai.gopubby.com/ai-generated-studio-ghibli-art-goes-viral-heres-why-it-s-controversial-7b53ef637d17,2025-03-28
Why I Stopped Talking About AI Tools And Started Building the OS for Post-Industrial EconomyÂ Leaders,https://medium.com/@vincenthunt/why-i-stopped-talking-about-ai-tools-and-started-building-the-os-for-post-industrial-economy-87f8386e5cfd,2025-03-28
My Journey With Language andÂ AI,https://medium.com/@brendanbaker_33498/my-journey-with-language-and-ai-83acc2c15bf1,2025-03-28
RL #8â€Šâ€”â€ŠReinforcement Learning from AIÂ Feedback,https://generativeai.pub/rl-8-reinforcement-learning-from-ai-feedback-e76f3b6f6315,2025-03-28
Midjourney and Burst Mode Photography,https://medium.com/let-there-be-prompt/midjourney-and-burst-mode-photography-9e8cd280bb93,2025-03-28
WhyÂ .99 Still Wins Even with AI Setting theÂ Prices,https://medium.com/@pokasaipreethi/why-99-still-wins-even-with-ai-setting-the-prices-4c01949ea437,2025-03-28
FREE AI Tools That Can Make You SERIOUS Money inÂ 2025,https://medium.com/aimonks/free-ai-tools-that-can-make-you-serious-money-in-2025-82bda422f22d,2025-03-28
XR App Development Challenges on Apple VisionÂ Pro,https://medium.com/xrpractices/getting-started-with-xr-app-development-on-apple-vision-pro-5ca197e3a353,2025-03-28
â€‹Introducing GPT-4o: OpenAIâ€™s New Image Generationâ€Šâ€”â€ŠA Boon or Threat to Human Creativity?,https://medium.com/@simranjeetsingh1497/introducing-gpt-4o-openais-new-image-generation-a-boon-or-threat-to-human-creativity-6ca2c7f0c2c4,2025-03-28
How to Effectively Tackle Complex Queries inÂ RAG?,https://generativeai.pub/how-to-effectively-tackle-complex-queries-in-rag-feb04310da0c,2025-03-28
Can AI Create a Comic Book?  Volume 3: How ChatGPT-4o Image Generation Will Transform the CreativeÂ Process,https://medium.com/@todasco/can-ai-create-a-comic-book-99d12e5a03c2,2025-03-28
"Is ChatGPT 4o Destroying Art or Redefining It? The Truth About AI, Creativity, and the Future ofÂ Artists",https://medium.com/mostly-art/is-chatgpt-4o-destroying-art-or-redefining-it-e8bcf5a51475,2025-03-28
Vibe Coding: The Magical AI Programming Revolution Thatâ€™s Changing Everything,https://medium.com/towards-explainable-ai/vibe-coding-the-magical-ai-programming-revolution-thats-changing-everything-fc79d33861e2,2025-03-28
What should you expect from AI in the nearÂ term?,https://medium.com/mantisnlp/what-should-you-expect-from-ai-in-the-near-term-51075c836d2e,2025-03-28
How AI is Disrupting the Publishing Industry,https://medium.com/@odsc/how-ai-is-disrupting-the-publishing-industry-f82a873dcb4c,2025-03-28
Vibe Coding: How I Used AI to Code an Entire Parenting App in 1Â Month!,https://medium.com/@augmentedstartups/vibe-coding-how-i-used-ai-to-code-an-entire-parenting-app-in-1-month-1f169360e2e0,2025-03-28
Top 5 Reasons Why You Should Start Learning AI Todayâ€Šâ€”â€ŠSkilleareum.Ai,https://medium.com/@skilleareum.connect/top-5-reasons-why-you-should-start-learning-ai-today-6bf1cce247c4,2025-03-28
Does the Universeâ€™s Limit Tend Toward Infinity?,https://medium.com/@ashu1069/does-the-universes-limit-tend-toward-infinity-083c2b7dcaff,2025-03-28
Why â€˜Schlep Blindnessâ€™ Stops Founders From Building Billion-Dollar Startups?,https://medium.com/@exitfund/why-schlep-blindness-stops-founders-from-building-billion-dollar-startups-7d55d67e250a,2025-03-28
The â€˜Coding Gurusâ€™ You Follow Are Secretly Lying toÂ You,https://medium.com/@abdur.rahman./the-coding-gurus-you-follow-are-secretly-lying-to-you-ba098cb2c347,2025-03-28
1 ChatGPT Prompt To Solve All Your Brand Idea Generation Problems,https://medium.com/write-a-catalyst/1-chatgpt-prompt-to-solve-all-your-brand-idea-generation-problems-96626c7b5ba4,2025-03-28
The Silent Bug in Your NumPy Code That Could Ruin Everything!,https://python.plainenglish.io/the-silent-bug-in-your-numpy-code-that-could-ruin-everything-6a667028ddfa,2025-03-28
Your First AI Agent: Simpler Than YouÂ Think,https://medium.com/@pakamiti/your-first-ai-agent-simpler-than-you-think-02f0f0bbb771,2025-03-28
AI Helps Me Make $278.41 Per Dayâ€Šâ€”â€ŠHereâ€™sÂ How!,https://medium.com/@AmandaMichelle12/ai-helps-me-make-278-41-per-day-heres-how-a55ada15e456,2025-03-28
Waitâ€¦ ChatGPT makes ad creatives now?!,https://medium.com/@creatorarvin/wait-chatgpt-makes-ad-creatives-now-6216b9684b3c,2025-03-28
The Last Moat (Isnâ€™t a MoatÂ Anymore),https://medium.com/@zwolf25/the-last-moat-isnt-a-moat-anymore-8b07018ba82f,2025-03-28
TxGemma: Google DeepMindâ€™s AI Alchemist Turning Data into Potential Cures,https://towardsdev.com/txgemma-google-deepminds-ai-alchemist-turning-data-into-potential-cures-fafc65a2265a,2025-03-28
5 Best Udemy Courses to Learn AWS SageMaker inÂ 2025,https://medium.com/javarevisited/5-best-udemy-courses-to-learn-aws-sagemaker-in-2025-9c4626f81d80,2025-03-28
The Best AI Newsletters You Should Subscribe To,https://medium.com/@rasoolshah0072/the-best-ai-newsletters-you-should-be-subscribe-to-2e9ccb59f1f3,2025-03-28
Intelligent Document Processing: The AI Revolution in Enterprise Data Extraction| SagarÂ Patil,https://medium.com/@sagarpatil2000/intelligent-document-processing-the-ai-revolution-in-enterprise-data-extraction-sagar-patil-6736f3c44731,2025-03-28
Create Your First AI Agent with Cozeâ€Šâ€”â€ŠNo Technical Expertise Needed!,https://medium.com/cloud-believers/create-your-first-ai-agent-with-coze-no-technical-expertise-needed-46cdc7956e79,2025-03-28
Employee Salary Prediction with MachineÂ Learning,https://medium.com/@fazaalana1010alana/employee-salary-prediction-with-machine-learning-1a81a48d0a97,2025-03-28
Streaming Dreams: GPT-4oâ€™s Auto-Regressive Image Generation (deepÂ dive),https://medium.com/@zingabera_7320/streaming-dreams-gpt-4os-auto-regressive-image-generation-deep-dive-15347b6328bd,2025-03-28
Build An End-to-End SQL RAG AI Agent in Just FourÂ Steps,https://medium.com/intel-tech/build-an-end-to-end-sql-rag-ai-agent-in-just-four-steps-b8a5b4adea9d,2025-03-28
Testing the 3 Best Free AI Tools to Generate StunningÂ Images,https://medium.com/readers-club/testing-the-3-best-free-ai-tools-to-generate-stunning-images-a236eb228c0a,2025-03-28
Revolutionizing Structured Data Extraction: A Deep Dive into langchain and Trustcall,https://medium.com/ai-artistry/revolutionizing-structured-data-extraction-a-deep-dive-into-langchain-and-trustcall-f26ff6a962ca,2025-03-28
"The Labyrinth and the Lens: Intelligence, Complexity, and the Shape of Whatâ€™s toÂ Come",https://medium.com/@s-dewan/the-labyrinth-and-the-lens-intelligence-complexity-and-the-shape-of-whats-to-come-e82b696ec05a,2025-03-28
Reve Ai Image vs. ChatGPT-4o,https://medium.com/@coustom.no.03/reve-ai-image-vs-chatgpt-4o-03ee001539d4,2025-03-28
What is MCP? A Beginnerâ€™s Guide to SmarterÂ AI,https://medium.com/@types24digital/what-is-mcp-a-beginners-guide-to-smarter-ai-bdd996f8b02e,2025-03-28
Will Your Resume Pass the ATS? I Built an AI App to FindÂ Out,https://pub.towardsai.net/will-your-resume-pass-the-ats-i-built-an-ai-app-to-find-out-a0ad9f3ce4ad,2025-03-28
Reddit And AI Together Can Make You $528 PerÂ Day!,https://medium.com/@AmandaMichelle12/reddit-and-ai-together-can-make-you-528-per-day-7acfb5b887aa,2025-03-28
The Artificial Intelligence Journeyâ€Šâ€”â€ŠNaiveÂ Bayes,https://medium.com/@boutnaru/the-artificial-intelligence-journey-naive-bayes-791c74acb931,2025-03-28
"He used AI to apply to 1,000+ jobs and got flooded with interviews",https://medium.com/coding-beauty/ai-job-applying-56112a755e9a,2025-03-28
Analysis: important for Humans andÂ AI,https://medium.com/@x.io.alchimiste.moderne/analysis-important-for-humans-and-ai-3884d3491a21,2025-03-28
Building a Secure and Transparent AI-Powered App: A Developerâ€™s Guide,https://medium.com/@vinodghai713/building-a-secure-and-transparent-ai-powered-app-a-developers-guide-c0c27cd0813f,2025-03-28
Dangers ofÂ AI,https://medium.com/@adityahippargi/dangers-of-ai-dfd48f1c85e1,2025-03-28
Unveiling OpenAIâ€™s 4o Image Generation: A New Era of Creativity Begins,https://medium.com/@types24digital/unveiling-openais-4o-image-generation-a-new-era-of-creativity-begins-bcd1b217e8f9,2025-03-28
Artificial Intelligence Use in Smartphones Grows 250% in the Last FiveÂ Months,https://medium.com/@martareyessuarez25/artificial-intelligence-use-in-smartphones-grows-250-in-the-last-five-months-df22aa0c0cfa,2025-03-28
The Largest Capital Formation in Historyâ€Šâ€”â€ŠAI and AI Infrastructure: Investment Outlook ThroughÂ 2035,https://medium.com/@zcefaratti87/global-capital-formation-in-ai-infrastructure-investment-outlook-through-2035-21a3b8b6ff0a,2025-03-28
First in Flightâ€Šâ€”â€ŠWithÂ AI,https://pub.towardsai.net/first-in-flight-with-ai-842dc8345c61,2025-03-28
GPT and StudioÂ Ghibli,https://medium.com/@sayanbhowalemail/gpt-and-studio-ghibli-61b1b5c71856,2025-03-28
How AI Accelerates Software Development,https://medium.com/@vlad.koval/how-ai-accelerates-software-development-6b0d125bcb50,2025-03-28
The AI Revolution: Empowering Women by Lightening the DoubleÂ Burden,https://medium.com/@d.dave.white/the-ai-revolution-empowering-women-by-lightening-the-double-burden-789ee137a5aa,2025-03-28
The Child That Grew Too Fast: Humanity at an AI Crossroads,https://medium.com/@mdejean_76347/the-child-that-grew-too-fast-humanity-at-an-ai-crossroads-3ae19d074032,2025-03-28
9 Existential Blindspots in the Human-AI Strategic Game,https://medium.com/@fahrikarakas/9-existential-blindspots-in-the-human-ai-strategic-game-50d9ad172fe7,2025-03-28
3 Big Shifts in AI Ethics You Canâ€™tÂ Ignore,https://medium.com/towards-explainable-ai/3-big-shifts-in-ai-ethics-you-cant-ignore-5c0e04e834d4,2025-03-28
Get OUT of Dependency Hell: Python Virtual Environments (venv),https://medium.com/readers-club/get-out-of-dependency-hell-python-virtual-environments-venv-a247aa4d74ff,2025-03-28
robots are getting all up in our feels theseÂ days.,https://medium.com/@sherrybabe1978_27843/robots-are-getting-all-up-in-our-feels-these-days-3573ae65b6c3,2025-03-28
OpenAIâ€™s Wake-Up Call: When AI Decided There Were Too Many Designers,https://medium.com/@kalashvasaniya1/openais-wake-up-call-when-ai-decided-there-were-too-many-designers-37fc81283d14,2025-03-28
â€œTeachers Are Magicâ€â€Šâ€”â€ŠSo Why Are Venture Capitalists Driving theÂ Spell?,https://medium.com/@ohagan/teachers-are-magic-so-why-are-venture-capitalists-driving-the-spell-cbf16b112dc7,2025-03-28
Generative Agents: When Sci-Fiâ€™s Digital DoppelgÃ¤ngers BecomeÂ Reality,https://medium.com/@jacek.jurczynski/generative-agents-when-sci-fis-digital-doppelg%C3%A4ngers-become-reality-83ebbb755381,2025-03-28
I Take A Lot Of Help From AI For Making Money ($489/Day),https://medium.com/@elianajosephine/i-take-a-lot-of-help-from-ai-for-making-money-489-day-18b986349930,2025-03-28
The Forbidden Algorithm: Why It Was Banned and What ItÂ Revealed,https://medium.com/@hrk84ya/the-forbidden-algorithm-why-it-was-banned-and-what-it-revealed-6864267c1394,2025-03-28
Can AI Therapy make mental healthcare more accessible?,https://medium.com/design-bootcamp/can-ai-therapy-make-mental-healthcare-more-accessible-7c52c5540d94,2025-03-28
"AI, theÂ taxi?",https://medium.com/inkwell-atlas/ai-the-taxi-6fb326009f0e,2025-03-28
How a Quick Glance at My Bossâ€™s Smoking Hot Body Got Me Penalized by HR on My FirstÂ Day,https://medium.com/@qblueheart/how-a-quick-glance-at-my-bosss-smoking-hot-body-got-me-penalized-by-hr-on-my-first-day-fcdbad260083,2025-03-28
Google Gemini 2.5 Pro: Pushing the Limits of AI Reasoning and Multimodality,https://medium.com/@pankaj_pandey/google-gemini-2-5-pro-pushing-the-limits-of-ai-reasoning-and-multimodality-32c085bb7045,2025-03-28
The EU AI Act and the European Commission Document C(2025) 924 final - A Clearer Definition ofÂ AI,https://medium.com/@paul.ekwere/the-eu-ai-act-and-the-european-commission-document-c-2025-924-final-a-clearer-definition-of-ai-5b56f3663126,2025-03-28
Unlocking New Possibilities with ACPâ€Šâ€”â€ŠThe Agent ContextÂ Protocol,https://medium.com/@krishabhilash/unlocking-new-possibilities-with-acp-the-agent-context-protocol-db8cc96387d7,2025-03-28
"[Latest AI News]Googleâ€™s Gemini 2.5, OpenAIâ€™s GPTâ€‘4o Image Generator, andÂ More",https://medium.com/@yukitaylor00/latest-ai-new-googles-gemini-2-5-openai-s-gpt-4o-image-generator-and-more-3811318f248b,2025-03-28
Support Vector Machines (SVM): A Comprehensive GuideğŸŒŸğŸš€,https://medium.com/@lomashbhuva/support-vector-machines-svm-a-comprehensive-guide-568932febe56,2025-03-28
This New ChatGPT Feature Will Blow YourÂ Mind,https://medium.com/seeds-for-the-future/this-new-chatgpt-feature-will-blow-your-mind-4c09d9baa1d0,2025-03-28
Artificial Intelligence (AI) at the Service of Financial Inclusion,https://medium.com/@martareyessuarez25/artificial-intelligence-ai-at-the-service-of-financial-inclusion-8dfb3f92c36d,2025-03-28
Article Overview: Compute Optimal Scaling of Skills: Knowledge vs Reasoning,https://medium.com/@axegggl/article-overview-compute-optimal-scaling-of-skills-knowledge-vs-reasoning-a09971414fc4,2025-03-28
